date,icon_seamless_temperature_2m,icon_seamless_relative_humidity_2m,icon_seamless_soil_temperature_54cm,icon_seamless_shortwave_radiation,icon_seamless_direct_radiation,icon_seamless_diffuse_radiation,icon_seamless_direct_normal_irradiance,icon_seamless_global_tilted_irradiance,icon_seamless_terrestrial_radiation,icon_global_temperature_2m,icon_global_relative_humidity_2m,icon_global_soil_temperature_54cm,icon_global_shortwave_radiation,icon_global_direct_radiation,icon_global_diffuse_radiation,icon_global_direct_normal_irradiance,icon_global_global_tilted_irradiance,icon_global_terrestrial_radiation,icon_eu_temperature_2m,icon_eu_relative_humidity_2m,icon_eu_soil_temperature_54cm,icon_eu_shortwave_radiation,icon_eu_direct_radiation,icon_eu_diffuse_radiation,icon_eu_direct_normal_irradiance,icon_eu_global_tilted_irradiance,icon_eu_terrestrial_radiation,icon_d2_temperature_2m,icon_d2_relative_humidity_2m,icon_d2_soil_temperature_54cm,icon_d2_shortwave_radiation,icon_d2_direct_radiation,icon_d2_diffuse_radiation,icon_d2_direct_normal_irradiance,icon_d2_global_tilted_irradiance,icon_d2_terrestrial_radiation
2024-12-06 23:00:00+00:00,5.3455,77.0,7.4954996,0.0,0.0,0.0,0.0,0.0,0.0,5.002,78.0,7.152,0.0,0.0,0.0,0.0,0.0,0.0,5.1795,77.0,7.2295,0.0,0.0,0.0,0.0,0.0,0.0,5.3455,77.0,7.4954996,0.0,0.0,0.0,0.0,0.0,0.0
2024-12-07 00:00:00+00:00,6.0455,69.0,7.4954996,0.0,0.0,0.0,0.0,0.0,0.0,5.652,76.0,7.202,0.0,0.0,0.0,0.0,0.0,0.0,5.8295,75.0,7.2295,0.0,0.0,0.0,0.0,0.0,0.0,6.0455,69.0,7.4954996,0.0,0.0,0.0,0.0,0.0,0.0
2024-12-07 01:00:00+00:00,6.0955,73.0,7.4954996,0.0,0.0,0.0,0.0,0.0,0.0,5.952,78.0,7.202,0.0,0.0,0.0,0.0,0.0,0.0,6.0795,79.0,7.2295,0.0,0.0,0.0,0.0,0.0,0.0,6.0955,73.0,7.4954996,0.0,0.0,0.0,0.0,0.0,0.0
2024-12-07 02:00:00+00:00,6.5955,72.0,7.5455,0.0,0.0,0.0,0.0,0.0,0.0,6.202,80.0,7.202,0.0,0.0,0.0,0.0,0.0,0.0,6.2795,80.0,7.2295,0.0,0.0,0.0,0.0,0.0,0.0,6.5955,72.0,7.5455,0.0,0.0,0.0,0.0,0.0,0.0
2024-12-07 03:00:00+00:00,7.1955,70.0,7.5455,0.0,0.0,0.0,0.0,0.0,0.0,6.452,75.0,7.202,0.0,0.0,0.0,0.0,0.0,0.0,6.5795,76.0,7.2295,0.0,0.0,0.0,0.0,0.0,0.0,7.1955,70.0,7.5455,0.0,0.0,0.0,0.0,0.0,0.0
2024-12-07 04:00:00+00:00,7.4455,66.0,7.5455,0.0,0.0,0.0,0.0,0.0,0.0,6.952,72.0,7.202,0.0,0.0,0.0,0.0,0.0,0.0,6.9295,75.0,7.2795,0.0,0.0,0.0,0.0,0.0,0.0,7.4455,66.0,7.5455,0.0,0.0,0.0,0.0,0.0,0.0
2024-12-07 05:00:00+00:00,7.7454996,72.0,7.5455,0.0,0.0,0.0,0.0,0.0,0.0,7.202,78.0,7.202,0.0,0.0,0.0,0.0,0.0,0.0,7.4295,81.0,7.2795,0.0,0.0,0.0,0.0,0.0,0.0,7.7454996,72.0,7.5455,0.0,0.0,0.0,0.0,0.0,0.0
2024-12-07 06:00:00+00:00,8.0955,79.0,7.5455,0.0,0.0,0.0,0.0,0.0,0.0,7.402,85.0,7.202,0.0,0.0,0.0,0.0,0.0,0.0,7.3795,85.0,7.2795,0.0,0.0,0.0,0.0,0.0,0.0,8.0955,79.0,7.5455,0.0,0.0,0.0,0.0,0.0,0.0
2024-12-07 07:00:00+00:00,8.1455,82.0,7.5455,0.0,0.0,0.0,0.0,0.0,0.0,7.752,86.0,7.202,0.0,0.0,0.0,0.0,0.0,0.0,7.9295,85.0,7.2795,0.0,0.0,0.0,0.0,0.0,0.0,8.1455,82.0,7.5455,0.0,0.0,0.0,0.0,0.0,0.0
2024-12-07 08:00:00+00:00,8.4955,81.0,7.5455,4.0,0.0,4.0,0.0,4.0,34.55924,8.252,86.0,7.202,3.0,1.0,2.0,14.744541,2.9999998,35.084038,8.2295,86.0,7.2795,1.0,0.0,1.0,0.0,1.0,34.71768,8.4955,81.0,7.5455,4.0,0.0,4.0,0.0,4.0,34.55924
2024-12-07 09:00:00+00:00,8.5455,83.0,7.5455,50.5,12.5,38.0,101.94962,50.500004,165.9217,8.452,85.0,7.202,41.0,9.0,32.0,73.17749,41.000004,166.92773,8.3295,87.0,7.2795,28.0,5.0,23.0,40.72383,28.0,166.30252,8.5455,83.0,7.5455,50.5,12.5,38.0,101.94962,50.500004,165.9217
2024-12-07 10:00:00+00:00,9.1455,79.0,7.5455,95.75,28.5,67.25,136.58331,95.74999,294.09088,8.652,86.0,7.202,47.0,7.0,40.0,33.438328,47.0,295.04474,8.4795,88.0,7.2795,43.0,4.0,39.0,19.136034,43.0,294.60657,9.1455,79.0,7.5455,95.75,28.5,67.25,136.58331,95.74999,294.09088
2024-12-07 11:00:00+00:00,9.5455,76.0,7.5455,187.0,95.5,91.5,360.30634,186.99998,373.56882,9.252,81.0,7.252,132.0,44.0,88.0,165.62874,132.0,374.41748,9.2795,83.0,7.2795,146.0,66.0,80.0,248.59016,146.0,374.19598,9.5455,76.0,7.5455,187.0,95.5,91.5,360.30634,186.99998,373.56882
2024-12-07 12:00:00+00:00,9.5455,70.0,7.5455,187.25,86.75,100.5,306.48422,187.24998,398.9379,9.302,74.0,7.252,149.0,50.0,99.0,176.3394,149.0,399.636,9.3295,78.0,7.2795,160.0,75.0,85.0,264.50217,160.00002,399.64645,9.5455,70.0,7.5455,187.25,86.75,100.5,306.48422,187.24998,398.9379
2024-12-07 13:00:00+00:00,9.5455,66.0,7.5955,199.25,118.5,80.75,453.28067,199.25002,368.46808,9.002,71.0,7.252,152.0,53.0,99.0,202.45168,152.00002,368.98035,9.0295,74.0,7.2795,153.0,68.0,85.0,259.5792,153.0,369.22214,9.5455,66.0,7.5955,199.25,118.5,80.75,453.28067,199.25002,368.46808
2024-12-07 14:00:00+00:00,8.7955,70.0,7.5955,110.25,47.0,63.25,233.06696,110.249985,284.23044,8.452,71.0,7.252,118.0,55.0,63.0,272.44672,117.999985,284.53427,8.5795,73.0,7.2795,107.0,49.0,58.0,242.33661,107.000015,284.99057,8.7955,70.0,7.5955,110.25,47.0,63.25,233.06696,110.249985,284.23044
2024-12-07 15:00:00+00:00,7.9954996,73.0,7.5955,37.5,6.0,31.5,50.891785,37.499996,151.95934,7.802,71.0,7.252,46.0,16.0,30.0,135.63129,46.0,152.04599,7.9795,74.0,7.3295,50.0,17.0,33.0,143.84747,50.000008,152.686,7.9954996,73.0,7.5955,37.5,6.0,31.5,50.891785,37.499996,151.95934
2024-12-07 16:00:00+00:00,7.4455,72.0,7.5955,3.5,0.25,3.25,4.0386176,3.4999998,26.371578,7.152,72.0,7.252,3.0,1.0,2.0,16.156437,3.0,26.358616,7.5795,73.0,7.3295,2.0,0.0,2.0,0.0,2.0,26.729586,7.4455,72.0,7.5955,3.5,0.25,3.25,4.0386176,3.4999998,26.371578
2024-12-07 17:00:00+00:00,7.2454996,72.0,7.6454997,0.0,0.0,0.0,0.0,0.0,0.0,6.752,74.0,7.302,0.0,0.0,0.0,0.0,0.0,0.0,7.2295,74.0,7.3295,0.0,0.0,0.0,0.0,0.0,0.0,7.2454996,72.0,7.6454997,0.0,0.0,0.0,0.0,0.0,0.0
2024-12-07 18:00:00+00:00,6.7955,75.0,7.6454997,0.0,0.0,0.0,0.0,0.0,0.0,6.152,79.0,7.302,0.0,0.0,0.0,0.0,0.0,0.0,6.5795,79.0,7.3295,0.0,0.0,0.0,0.0,0.0,0.0,6.7955,75.0,7.6454997,0.0,0.0,0.0,0.0,0.0,0.0
2024-12-07 19:00:00+00:00,6.3954997,77.0,7.6454997,0.0,0.0,0.0,0.0,0.0,0.0,5.852,80.0,7.302,0.0,0.0,0.0,0.0,0.0,0.0,6.0795,80.0,7.3295,0.0,0.0,0.0,0.0,0.0,0.0,6.3954997,77.0,7.6454997,0.0,0.0,0.0,0.0,0.0,0.0
2024-12-07 20:00:00+00:00,6.0955,78.0,7.6454997,0.0,0.0,0.0,0.0,0.0,0.0,5.502,81.0,7.302,0.0,0.0,0.0,0.0,0.0,0.0,5.7295,81.0,7.3795,0.0,0.0,0.0,0.0,0.0,0.0,6.0955,78.0,7.6454997,0.0,0.0,0.0,0.0,0.0,0.0
2024-12-07 21:00:00+00:00,5.6955,79.0,7.6454997,0.0,0.0,0.0,0.0,0.0,0.0,5.202,82.0,7.302,0.0,0.0,0.0,0.0,0.0,0.0,5.4295,82.0,7.3795,0.0,0.0,0.0,0.0,0.0,0.0,5.6955,79.0,7.6454997,0.0,0.0,0.0,0.0,0.0,0.0
2024-12-07 22:00:00+00:00,5.4455,82.0,7.6454997,0.0,0.0,0.0,0.0,0.0,0.0,5.052,83.0,7.302,0.0,0.0,0.0,0.0,0.0,0.0,5.1295,84.0,7.3795,0.0,0.0,0.0,0.0,0.0,0.0,5.4455,82.0,7.6454997,0.0,0.0,0.0,0.0,0.0,0.0
2024-12-07 23:00:00+00:00,5.3455,82.0,7.6955,0.0,0.0,0.0,0.0,0.0,0.0,4.852,85.0,7.352,0.0,0.0,0.0,0.0,0.0,0.0,5.2795,85.0,7.3795,0.0,0.0,0.0,0.0,0.0,0.0,5.3455,82.0,7.6955,0.0,0.0,0.0,0.0,0.0,0.0
2024-12-08 00:00:00+00:00,5.2955,83.0,7.6955,0.0,0.0,0.0,0.0,0.0,0.0,5.002,85.0,7.352,0.0,0.0,0.0,0.0,0.0,0.0,5.3295,86.0,7.3795,0.0,0.0,0.0,0.0,0.0,0.0,5.2955,83.0,7.6955,0.0,0.0,0.0,0.0,0.0,0.0
2024-12-08 01:00:00+00:00,5.2955,84.0,7.6955,0.0,0.0,0.0,0.0,0.0,0.0,5.252,86.0,7.352,0.0,0.0,0.0,0.0,0.0,0.0,5.6295,88.0,7.3795,0.0,0.0,0.0,0.0,0.0,0.0,5.2955,84.0,7.6955,0.0,0.0,0.0,0.0,0.0,0.0
2024-12-08 02:00:00+00:00,5.3455,83.0,7.6955,0.0,0.0,0.0,0.0,0.0,0.0,5.352,87.0,7.352,0.0,0.0,0.0,0.0,0.0,0.0,5.8295,89.0,7.3795,0.0,0.0,0.0,0.0,0.0,0.0,5.3455,83.0,7.6955,0.0,0.0,0.0,0.0,0.0,0.0
2024-12-08 03:00:00+00:00,5.3954997,83.0,7.6955,0.0,0.0,0.0,0.0,0.0,0.0,5.552,89.0,7.352,0.0,0.0,0.0,0.0,0.0,0.0,5.9295,90.0,7.3795,0.0,0.0,0.0,0.0,0.0,0.0,5.3954997,83.0,7.6955,0.0,0.0,0.0,0.0,0.0,0.0
2024-12-08 04:00:00+00:00,5.4455,81.0,7.6955,0.0,0.0,0.0,0.0,0.0,0.0,5.602,88.0,7.352,0.0,0.0,0.0,0.0,0.0,0.0,5.9795,89.0,7.3795,0.0,0.0,0.0,0.0,0.0,0.0,5.4455,81.0,7.6955,0.0,0.0,0.0,0.0,0.0,0.0
2024-12-08 05:00:00+00:00,5.3954997,81.0,7.6955,0.0,0.0,0.0,0.0,0.0,0.0,5.552,88.0,7.352,0.0,0.0,0.0,0.0,0.0,0.0,6.0795,88.0,7.4295,0.0,0.0,0.0,0.0,0.0,0.0,5.3954997,81.0,7.6955,0.0,0.0,0.0,0.0,0.0,0.0
2024-12-08 06:00:00+00:00,5.3954997,83.0,7.6955,0.0,0.0,0.0,0.0,0.0,0.0,5.602,87.0,7.352,0.0,0.0,0.0,0.0,0.0,0.0,6.0295,89.0,7.4295,0.0,0.0,0.0,0.0,0.0,0.0,5.3954997,83.0,7.6955,0.0,0.0,0.0,0.0,0.0,0.0
2024-12-08 07:00:00+00:00,4.9954996,85.0,7.6955,0.0,0.0,0.0,0.0,0.0,0.0,5.552,88.0,7.352,0.0,0.0,0.0,0.0,0.0,0.0,5.7295,89.0,7.4295,0.0,0.0,0.0,0.0,0.0,0.0,4.9954996,85.0,7.6955,0.0,0.0,0.0,0.0,0.0,0.0
2024-12-08 08:00:00+00:00,4.5455,89.0,7.6955,3.25,0.25,3.0,3.7753935,3.25,32.742676,5.202,89.0,7.352,4.0,1.0,3.0,15.020351,4.000001,33.26721,5.7795,88.0,7.4295,3.0,0.0,3.0,0.0,3.0,32.900208,4.5455,89.0,7.6955,3.25,0.25,3.0,3.7753935,3.25,32.742676
2024-12-08 09:00:00+00:00,4.7955,90.0,7.6955,23.0,1.5,21.5,12.362676,23.0,162.52144,5.502,88.0,7.352,44.0,14.0,30.0,115.02608,43.999992,163.52814,5.9295,89.0,7.4295,28.0,4.0,24.0,32.921432,28.000002,162.90193,4.7955,90.0,7.6955,23.0,1.5,21.5,12.362676,23.0,162.52144
2024-12-08 10:00:00+00:00,5.0955,90.0,7.6955,43.25,7.75,35.5,37.54931,43.25,290.96927,6.002,87.0,7.352,122.0,56.0,66.0,270.4366,121.999985,291.92407,6.0795,91.0,7.4295,64.0,15.0,49.0,72.547615,64.0,291.48453,5.0955,90.0,7.6955,43.25,7.75,35.5,37.54931,43.25,290.96927
2024-12-08 11:00:00+00:00,5.6955,84.0,7.6955,110.25,23.5,86.75,89.345825,110.25,370.80505,6.152,86.0,7.352,113.0,37.0,76.0,140.35034,113.0,371.6552,6.1295,91.0,7.4295,88.0,27.0,61.0,102.479324,88.0,371.4322,5.6955,84.0,7.6955,110.25,23.5,86.75,89.345825,110.25,370.80505
2024-12-08 12:00:00+00:00,5.8954997,83.0,7.6955,148.25,44.5,103.75,158.18927,148.25,396.58798,6.452,83.0,7.352,115.0,40.0,75.0,141.94212,115.0,397.28784,6.4295,86.0,7.4295,103.0,27.0,76.0,95.8088,103.0,397.2967,5.8954997,83.0,7.6955,148.25,44.5,103.75,158.18927,148.25,396.58798
2024-12-08 13:00:00+00:00,6.3954997,80.0,7.6955,116.75,25.5,91.25,98.074646,116.75,366.55966,6.452,82.0,7.352,97.0,21.0,76.0,80.65418,97.0,367.07397,6.6795,84.0,7.4295,114.0,33.0,81.0,126.65948,114.0,367.31396,6.3954997,80.0,7.6955,116.75,25.5,91.25,98.074646,116.75,366.55966
2024-12-08 14:00:00+00:00,6.0455,83.0,7.6955,63.5,9.5,54.0,47.366253,63.5,282.76157,5.952,85.0,7.352,81.0,11.0,70.0,54.785847,81.0,283.06757,6.3295,85.0,7.4295,77.0,17.0,60.0,84.53324,77.0,283.5223,6.0455,83.0,7.6955,63.5,9.5,54.0,47.366253,63.5,282.76157
2024-12-08 15:00:00+00:00,5.7955,86.0,7.6955,27.25,0.75,26.5,6.3877616,27.25,150.8975,5.602,86.0,7.352,32.0,0.0,32.0,0.0,32.0,150.98672,5.9295,87.0,7.4295,24.0,1.0,23.0,8.496486,24.0,151.62515,5.7955,86.0,7.6955,27.25,0.75,26.5,6.3877616,27.25,150.8975
2024-12-08 16:00:00+00:00,5.4455,86.0,7.6955,1.5,0.0,1.5,0.0,1.5,25.924482,5.052,89.0,7.352,3.0,0.0,3.0,0.0,3.0,25.91364,5.0295,90.0,7.3795,3.0,0.0,3.0,0.0,3.0,26.283245,5.4455,86.0,7.6955,1.5,0.0,1.5,0.0,1.5,25.924482
2024-12-08 17:00:00+00:00,5.4455,87.0,7.6955,0.0,0.0,0.0,0.0,0.0,0.0,4.852,90.0,7.352,0.0,0.0,0.0,0.0,0.0,0.0,4.9295,90.0,7.3795,0.0,0.0,0.0,0.0,0.0,0.0,5.4455,87.0,7.6955,0.0,0.0,0.0,0.0,0.0,0.0
2024-12-08 18:00:00+00:00,5.2454996,85.0,7.6955,0.0,0.0,0.0,0.0,0.0,0.0,4.302,91.0,7.352,0.0,0.0,0.0,0.0,0.0,0.0,4.3295,92.0,7.3795,0.0,0.0,0.0,0.0,0.0,0.0,5.2454996,85.0,7.6955,0.0,0.0,0.0,0.0,0.0,0.0
2024-12-08 19:00:00+00:00,4.3954997,91.0,7.6454997,0.0,0.0,0.0,0.0,0.0,0.0,3.7020001,94.0,7.352,0.0,0.0,0.0,0.0,0.0,0.0,3.6295,93.0,7.3795,0.0,0.0,0.0,0.0,0.0,0.0,4.3954997,91.0,7.6454997,0.0,0.0,0.0,0.0,0.0,0.0
2024-12-08 20:00:00+00:00,3.6955001,95.0,7.6454997,0.0,0.0,0.0,0.0,0.0,0.0,3.252,97.0,7.352,0.0,0.0,0.0,0.0,0.0,0.0,3.2295,96.0,7.3795,0.0,0.0,0.0,0.0,0.0,0.0,3.6955001,95.0,7.6454997,0.0,0.0,0.0,0.0,0.0,0.0
2024-12-08 21:00:00+00:00,3.3455,98.0,7.6454997,0.0,0.0,0.0,0.0,0.0,0.0,3.152,98.0,7.352,0.0,0.0,0.0,0.0,0.0,0.0,3.1795,99.0,7.3795,0.0,0.0,0.0,0.0,0.0,0.0,3.3455,98.0,7.6454997,0.0,0.0,0.0,0.0,0.0,0.0
2024-12-08 22:00:00+00:00,3.3955,97.0,7.6454997,0.0,0.0,0.0,0.0,0.0,0.0,2.902,99.0,7.352,0.0,0.0,0.0,0.0,0.0,0.0,2.9295,100.0,7.3795,0.0,0.0,0.0,0.0,0.0,0.0,3.3955,97.0,7.6454997,0.0,0.0,0.0,0.0,0.0,0.0
2024-12-08 23:00:00+00:00,3.8455,95.0,7.6454997,0.0,0.0,0.0,0.0,0.0,0.0,3.102,97.0,7.352,0.0,0.0,0.0,0.0,0.0,0.0,3.0295,99.0,7.3795,0.0,0.0,0.0,0.0,0.0,0.0,3.8455,95.0,7.6454997,0.0,0.0,0.0,0.0,0.0,0.0
2024-12-09 00:00:00+00:00,4.2955,93.0,7.6454997,0.0,0.0,0.0,0.0,0.0,0.0,3.352,95.0,7.352,0.0,0.0,0.0,0.0,0.0,0.0,3.2295,96.0,7.3795,0.0,0.0,0.0,0.0,0.0,0.0,4.2955,93.0,7.6454997,0.0,0.0,0.0,0.0,0.0,0.0
2024-12-09 01:00:00+00:00,4.5455,95.0,7.6454997,0.0,0.0,0.0,0.0,0.0,0.0,3.852,94.0,7.352,0.0,0.0,0.0,0.0,0.0,0.0,3.7295,95.0,7.3795,0.0,0.0,0.0,0.0,0.0,0.0,4.5455,95.0,7.6454997,0.0,0.0,0.0,0.0,0.0,0.0
2024-12-09 02:00:00+00:00,4.7454996,93.0,7.6454997,0.0,0.0,0.0,0.0,0.0,0.0,4.152,95.0,7.352,0.0,0.0,0.0,0.0,0.0,0.0,4.0795,96.0,7.3795,0.0,0.0,0.0,0.0,0.0,0.0,4.7454996,93.0,7.6454997,0.0,0.0,0.0,0.0,0.0,0.0
2024-12-09 03:00:00+00:00,4.4954996,89.0,7.6454997,0.0,0.0,0.0,0.0,0.0,0.0,4.202,90.0,7.352,0.0,0.0,0.0,0.0,0.0,0.0,4.2295,91.0,7.3795,0.0,0.0,0.0,0.0,0.0,0.0,4.4954996,89.0,7.6454997,0.0,0.0,0.0,0.0,0.0,0.0
2024-12-09 04:00:00+00:00,3.7955,84.0,7.6454997,0.0,0.0,0.0,0.0,0.0,0.0,3.352,87.0,7.302,0.0,0.0,0.0,0.0,0.0,0.0,3.3795,88.0,7.3795,0.0,0.0,0.0,0.0,0.0,0.0,3.7955,84.0,7.6454997,0.0,0.0,0.0,0.0,0.0,0.0
2024-12-09 05:00:00+00:00,3.1955001,84.0,7.5955,0.0,0.0,0.0,0.0,0.0,0.0,2.852,88.0,7.302,0.0,0.0,0.0,0.0,0.0,0.0,2.8795,88.0,7.3795,0.0,0.0,0.0,0.0,0.0,0.0,3.1955001,84.0,7.5955,0.0,0.0,0.0,0.0,0.0,0.0
2024-12-09 06:00:00+00:00,2.9955,85.0,7.5955,0.0,0.0,0.0,0.0,0.0,0.0,2.7020001,91.0,7.302,0.0,0.0,0.0,0.0,0.0,0.0,2.7795,90.0,7.3795,0.0,0.0,0.0,0.0,0.0,0.0,2.9955,85.0,7.5955,0.0,0.0,0.0,0.0,0.0,0.0
2024-12-09 07:00:00+00:00,3.0455,90.0,7.5955,0.0,0.0,0.0,0.0,0.0,0.0,2.9520001,93.0,7.302,0.0,0.0,0.0,0.0,0.0,0.0,2.9295,93.0,7.3295,0.0,0.0,0.0,0.0,0.0,0.0,3.0455,90.0,7.5955,0.0,0.0,0.0,0.0,0.0,0.0
2024-12-09 08:00:00+00:00,3.3455,92.0,7.5955,0.75,0.0,0.75,0.0,0.75,30.995754,3.352,94.0,7.302,1.0,0.0,1.0,0.0,1.0,31.51953,3.3795,94.0,7.3295,1.0,0.0,1.0,0.0,1.0,31.15363,3.3455,92.0,7.5955,0.75,0.0,0.75,0.0,0.75,30.995754
2024-12-09 09:00:00+00:00,3.7455,91.0,7.5955,10.75,0.0,10.75,0.0,10.75,159.25844,3.752,92.0,7.302,13.0,0.0,13.0,0.0,13.0,160.26602,3.7295,92.0,7.3295,13.0,0.0,13.0,0.0,13.0,159.63889,3.7455,91.0,7.5955,10.75,0.0,10.75,0.0,10.75,159.25844
2024-12-09 10:00:00+00:00,4.0455,89.0,7.5955,27.0,0.0,27.0,0.0,27.0,287.99432,4.002,90.0,7.302,32.0,0.0,32.0,0.0,32.0,288.95016,3.9795,91.0,7.3295,32.0,1.0,31.0,4.887611,32.0,288.5093,4.0455,89.0,7.5955,27.0,0.0,27.0,0.0,27.0,287.99432
2024-12-09 11:00:00+00:00,4.1955,87.0,7.5455,36.0,0.25,35.75,0.957461,36.0,368.1966,4.152,89.0,7.252,39.0,2.0,37.0,7.642013,39.0,369.0482,4.1295,90.0,7.3295,41.0,1.0,40.0,3.8233335,41.0,368.82358,4.1955,87.0,7.5455,36.0,0.25,35.75,0.957461,36.0,368.1966
2024-12-09 12:00:00+00:00,4.1955,87.0,7.5455,35.0,0.0,35.0,0.0,35.0,394.40027,4.052,90.0,7.252,35.0,3.0,32.0,10.707238,35.0,395.10193,4.0295,90.0,7.3295,41.0,4.0,37.0,14.276067,41.0,395.10886,4.1955,87.0,7.5455,35.0,0.0,35.0,0.0,35.0,394.40027
2024-12-09 13:00:00+00:00,4.0295,89.0,7.2795,32.0,1.0,31.0,3.8574193,32.0,364.81735,4.002,89.0,7.252,26.0,0.0,26.0,0.0,26.0,365.33383,4.0295,89.0,7.2795,32.0,1.0,31.0,3.8574193,32.0,365.57202,,,,,,,,,364.81735
2024-12-09 14:00:00+00:00,3.9795,90.0,7.2795,20.0,0.0,20.0,0.0,20.0,281.46017,4.002,90.0,7.252,17.0,0.0,17.0,0.0,17.0,281.76886,3.9795,90.0,7.2795,20.0,0.0,20.0,0.0,20.0,282.22174,,,,,,,,,281.46017
2024-12-09 15:00:00+00:00,3.8795,91.0,7.2795,12.0,1.0,11.0,8.526968,12.0,150.00287,3.9520001,90.0,7.252,10.0,1.0,9.0,8.54245,10.0,150.09438,3.8795,91.0,7.2795,12.0,1.0,11.0,8.526968,12.0,150.73152,,,,,,,,,150.00287
2024-12-09 16:00:00+00:00,3.8295,90.0,7.2795,1.0,0.0,1.0,0.0,1.0,25.563782,3.852,90.0,7.202,0.0,0.0,0.0,0.0,0.0,25.554157,3.8295,90.0,7.2795,1.0,0.0,1.0,0.0,1.0,25.923567,,,,,,,,,25.563782
2024-12-09 17:00:00+00:00,3.7795,90.0,7.2795,0.0,0.0,0.0,0.0,0.0,0.0,3.802,90.0,7.202,0.0,0.0,0.0,0.0,0.0,0.0,3.7795,90.0,7.2795,0.0,0.0,0.0,0.0,0.0,0.0,,,,,,,,,0.0
2024-12-09 18:00:00+00:00,3.7795,91.0,7.2795,0.0,0.0,0.0,0.0,0.0,0.0,3.752,90.0,7.202,0.0,0.0,0.0,0.0,0.0,0.0,3.7795,91.0,7.2795,0.0,0.0,0.0,0.0,0.0,0.0,,,,,,,,,0.0
2024-12-09 19:00:00+00:00,3.6295,92.0,7.2295,0.0,0.0,0.0,0.0,0.0,0.0,3.652,91.0,7.202,0.0,0.0,0.0,0.0,0.0,0.0,3.6295,92.0,7.2295,0.0,0.0,0.0,0.0,0.0,0.0,,,,,,,,,0.0
2024-12-09 20:00:00+00:00,3.6295,92.0,7.2295,0.0,0.0,0.0,0.0,0.0,0.0,3.602,92.0,7.202,0.0,0.0,0.0,0.0,0.0,0.0,3.6295,92.0,7.2295,0.0,0.0,0.0,0.0,0.0,0.0,,,,,,,,,0.0
2024-12-09 21:00:00+00:00,3.5795,92.0,7.2295,0.0,0.0,0.0,0.0,0.0,0.0,3.602,92.0,7.202,0.0,0.0,0.0,0.0,0.0,0.0,3.5795,92.0,7.2295,0.0,0.0,0.0,0.0,0.0,0.0,,,,,,,,,0.0
2024-12-09 22:00:00+00:00,3.5295,93.0,7.2295,0.0,0.0,0.0,0.0,0.0,0.0,3.502,92.0,7.152,0.0,0.0,0.0,0.0,0.0,0.0,3.5295,93.0,7.2295,0.0,0.0,0.0,0.0,0.0,0.0,,,,,,,,,0.0
2024-12-09 23:00:00+00:00,3.5295,92.0,7.2295,0.0,0.0,0.0,0.0,0.0,0.0,3.502,92.0,7.152,0.0,0.0,0.0,0.0,0.0,0.0,3.5295,92.0,7.2295,0.0,0.0,0.0,0.0,0.0,0.0,,,,,,,,,0.0
2024-12-10 00:00:00+00:00,3.3795,92.0,7.2295,0.0,0.0,0.0,0.0,0.0,0.0,3.302,92.0,7.152,0.0,0.0,0.0,0.0,0.0,0.0,3.3795,92.0,7.2295,0.0,0.0,0.0,0.0,0.0,0.0,,,,,,,,,0.0
2024-12-10 01:00:00+00:00,3.1295,93.0,7.1795,0.0,0.0,0.0,0.0,0.0,0.0,3.102,93.0,7.152,0.0,0.0,0.0,0.0,0.0,0.0,3.1295,93.0,7.1795,0.0,0.0,0.0,0.0,0.0,0.0,,,,,,,,,0.0
2024-12-10 02:00:00+00:00,3.0295,92.0,7.1795,0.0,0.0,0.0,0.0,0.0,0.0,3.052,92.0,7.152,0.0,0.0,0.0,0.0,0.0,0.0,3.0295,92.0,7.1795,0.0,0.0,0.0,0.0,0.0,0.0,,,,,,,,,0.0
2024-12-10 03:00:00+00:00,2.9295,94.0,7.1795,0.0,0.0,0.0,0.0,0.0,0.0,3.002,93.0,7.152,0.0,0.0,0.0,0.0,0.0,0.0,2.9295,94.0,7.1795,0.0,0.0,0.0,0.0,0.0,0.0,,,,,,,,,0.0
2024-12-10 04:00:00+00:00,3.0795,94.0,7.1795,0.0,0.0,0.0,0.0,0.0,0.0,3.102,94.0,7.102,0.0,0.0,0.0,0.0,0.0,0.0,3.0795,94.0,7.1795,0.0,0.0,0.0,0.0,0.0,0.0,,,,,,,,,0.0
2024-12-10 05:00:00+00:00,3.1795,95.0,7.1795,0.0,0.0,0.0,0.0,0.0,0.0,3.2020001,95.0,7.102,0.0,0.0,0.0,0.0,0.0,0.0,3.1795,95.0,7.1795,0.0,0.0,0.0,0.0,0.0,0.0,,,,,,,,,0.0
2024-12-10 06:00:00+00:00,3.3795,95.0,7.1295,0.0,0.0,0.0,0.0,0.0,0.0,3.402,95.0,7.102,0.0,0.0,0.0,0.0,0.0,0.0,3.3795,95.0,7.1295,0.0,0.0,0.0,0.0,0.0,0.0,,,,,,,,,0.0
2024-12-10 07:00:00+00:00,3.6295,95.0,7.1295,0.0,0.0,0.0,0.0,0.0,0.0,3.602,95.0,7.102,0.0,0.0,0.0,0.0,0.0,0.0,3.6295,95.0,7.1295,0.0,0.0,0.0,0.0,0.0,0.0,,,,,,,,,0.0
2024-12-10 08:00:00+00:00,3.7295,97.0,7.1295,1.0,0.0,1.0,0.0,1.0,29.322716,3.7020001,96.0,7.102,1.0,0.0,1.0,0.0,1.0,29.846136,3.7295,97.0,7.1295,1.0,0.0,1.0,0.0,1.0,29.480122,,,,,,,,,29.322716
2024-12-10 09:00:00+00:00,3.9295,96.0,7.1295,10.0,0.0,10.0,0.0,10.0,156.14046,3.852,96.0,7.052,7.0,0.0,7.0,0.0,7.0,157.14862,3.9295,96.0,7.1295,10.0,0.0,10.0,0.0,10.0,156.52019,,,,,,,,,156.14046
2024-12-10 10:00:00+00:00,4.1795,95.0,7.1295,23.0,0.0,23.0,0.0,23.0,285.173,4.102,94.0,7.052,21.0,0.0,21.0,0.0,21.0,286.12946,4.1795,95.0,7.1295,23.0,0.0,23.0,0.0,23.0,285.68744,,,,,,,,,285.173
2024-12-10 11:00:00+00:00,4.4795,93.0,7.0795,39.0,1.0,38.0,3.8498154,39.0,365.74826,4.402,93.0,7.052,39.0,1.0,38.0,3.8474386,39.0,366.60144,4.4795,93.0,7.0795,39.0,1.0,38.0,3.8498154,39.0,366.3751,,,,,,,,,365.74826
2024-12-10 12:00:00+00:00,4.6295,92.0,7.0795,52.0,1.0,51.0,3.5882473,52.0,392.37747,4.602,91.0,7.052,53.0,4.0,49.0,14.353179,53.0,393.08093,4.6295,92.0,7.0795,52.0,1.0,51.0,3.5882473,52.0,393.08615,,,,,,,,,392.37747
2024-12-10 13:00:00+00:00,4.5795,91.0,7.0795,51.0,1.0,50.0,3.8750255,51.0,363.2438,4.602,89.0,7.052,51.0,3.0,48.0,11.632629,51.0,363.7624,4.5795,91.0,7.0795,51.0,1.0,50.0,3.8750255,51.0,363.99872,,,,,,,,,363.2438
2024-12-10 14:00:00+00:00,4.4795,89.0,7.0795,40.0,1.0,39.0,5.0180264,40.0,280.32834,4.552,88.0,7.002,37.0,1.0,36.0,5.0260925,37.0,280.6391,4.4795,89.0,7.0795,40.0,1.0,39.0,5.0180264,40.0,281.09024,,,,,,,,,280.32834
2024-12-10 15:00:00+00:00,4.3295,88.0,7.0795,20.0,1.0,19.0,8.552955,20.0,149.2755,4.452,87.0,7.002,17.0,0.0,17.0,0.0,17.0,149.36961,4.3295,88.0,7.0795,20.0,1.0,19.0,8.552955,20.0,150.00497,,,,,,,,,149.2755
2024-12-10 16:00:00+00:00,4.2295,87.0,7.0795,2.0,0.0,2.0,0.0,2.0,25.287607,4.352,88.0,7.002,2.0,0.0,2.0,0.0,2.0,25.278666,4.2295,87.0,7.0795,2.0,0.0,2.0,0.0,2.0,25.646559,,,,,,,,,25.287607
2024-12-10 17:00:00+00:00,4.1295,87.0,7.0295,0.0,0.0,0.0,0.0,0.0,0.0,4.202,89.0,7.002,0.0,0.0,0.0,0.0,0.0,0.0,4.1295,87.0,7.0295,0.0,0.0,0.0,0.0,0.0,0.0,,,,,,,,,0.0
2024-12-10 18:00:00+00:00,4.0295,87.0,7.0295,0.0,0.0,0.0,0.0,0.0,0.0,4.102,91.0,7.002,0.0,0.0,0.0,0.0,0.0,0.0,4.0295,87.0,7.0295,0.0,0.0,0.0,0.0,0.0,0.0,,,,,,,,,0.0
2024-12-10 19:00:00+00:00,4.0295,89.0,7.0295,0.0,0.0,0.0,0.0,0.0,0.0,4.102,92.0,7.002,0.0,0.0,0.0,0.0,0.0,0.0,4.0295,89.0,7.0295,0.0,0.0,0.0,0.0,0.0,0.0,,,,,,,,,0.0
2024-12-10 20:00:00+00:00,4.0295,92.0,7.0295,0.0,0.0,0.0,0.0,0.0,0.0,4.102,93.0,6.952,0.0,0.0,0.0,0.0,0.0,0.0,4.0295,92.0,7.0295,0.0,0.0,0.0,0.0,0.0,0.0,,,,,,,,,0.0
2024-12-10 21:00:00+00:00,4.0295,94.0,7.0295,0.0,0.0,0.0,0.0,0.0,0.0,4.052,94.0,6.952,0.0,0.0,0.0,0.0,0.0,0.0,4.0295,94.0,7.0295,0.0,0.0,0.0,0.0,0.0,0.0,,,,,,,,,0.0
2024-12-10 22:00:00+00:00,3.9295,95.0,7.0295,0.0,0.0,0.0,0.0,0.0,0.0,3.9520001,94.0,6.952,0.0,0.0,0.0,0.0,0.0,0.0,3.9295,95.0,7.0295,0.0,0.0,0.0,0.0,0.0,0.0,,,,,,,,,0.0
2024-12-10 23:00:00+00:00,3.7295,94.0,6.9795,0.0,0.0,0.0,0.0,0.0,0.0,3.752,94.0,6.952,0.0,0.0,0.0,0.0,0.0,0.0,3.7295,94.0,6.9795,0.0,0.0,0.0,0.0,0.0,0.0,,,,,,,,,0.0
2024-12-11 00:00:00+00:00,3.5795,94.0,6.9795,0.0,0.0,0.0,0.0,0.0,0.0,3.602,94.0,6.952,0.0,0.0,0.0,0.0,0.0,0.0,3.5795,94.0,6.9795,0.0,0.0,0.0,0.0,0.0,0.0,,,,,,,,,0.0
2024-12-11 01:00:00+00:00,3.4295,94.0,6.9795,0.0,0.0,0.0,0.0,0.0,0.0,3.502,94.0,6.952,0.0,0.0,0.0,0.0,0.0,0.0,3.4295,94.0,6.9795,0.0,0.0,0.0,0.0,0.0,0.0,,,,,,,,,0.0
2024-12-11 02:00:00+00:00,3.3295,94.0,6.9795,0.0,0.0,0.0,0.0,0.0,0.0,3.402,94.0,6.952,0.0,0.0,0.0,0.0,0.0,0.0,3.3295,94.0,6.9795,0.0,0.0,0.0,0.0,0.0,0.0,,,,,,,,,0.0
2024-12-11 03:00:00+00:00,3.1795,94.0,6.9795,0.0,0.0,0.0,0.0,0.0,0.0,3.252,94.0,6.952,0.0,0.0,0.0,0.0,0.0,0.0,3.1795,94.0,6.9795,0.0,0.0,0.0,0.0,0.0,0.0,,,,,,,,,0.0
2024-12-11 04:00:00+00:00,2.9795,94.0,6.9795,0.0,0.0,0.0,0.0,0.0,0.0,3.002,94.0,6.952,0.0,0.0,0.0,0.0,0.0,0.0,2.9795,94.0,6.9795,0.0,0.0,0.0,0.0,0.0,0.0,,,,,,,,,0.0
2024-12-11 05:00:00+00:00,2.7295,94.0,6.9795,0.0,0.0,0.0,0.0,0.0,0.0,2.652,95.0,6.902,0.0,0.0,0.0,0.0,0.0,0.0,2.7295,94.0,6.9795,0.0,0.0,0.0,0.0,0.0,0.0,,,,,,,,,0.0
2024-12-11 06:00:00+00:00,2.5795,94.0,6.9795,0.0,0.0,0.0,0.0,0.0,0.0,2.4520001,95.0,6.902,0.0,0.0,0.0,0.0,0.0,0.0,2.5795,94.0,6.9795,0.0,0.0,0.0,0.0,0.0,0.0,,,,,,,,,0.0
2024-12-11 07:00:00+00:00,2.5295,94.0,6.9795,0.0,0.0,0.0,0.0,0.0,0.0,2.402,95.0,6.902,0.0,0.0,0.0,0.0,0.0,0.0,2.5295,94.0,6.9795,0.0,0.0,0.0,0.0,0.0,0.0,,,,,,,,,0.0
2024-12-11 08:00:00+00:00,2.5795,94.0,6.9295,4.0,0.0,4.0,0.0,4.0,27.726881,2.502,94.0,6.902,6.0,1.0,5.0,15.835914,6.000001,28.249699,2.5795,94.0,6.9295,4.0,0.0,4.0,0.0,4.0,27.883474,,,,,,,,,27.726881
2024-12-11 09:00:00+00:00,2.7295,93.0,6.9295,26.0,3.0,23.0,25.419033,26.0,153.17409,2.7020001,93.0,6.902,30.0,5.0,25.0,42.28982,30.000002,154.18256,2.7295,93.0,6.9295,26.0,3.0,23.0,25.419033,26.0,153.55334,,,,,,,,,153.17409
2024-12-11 10:00:00+00:00,3.0795,89.0,6.9295,61.0,12.0,49.0,59.816387,60.999996,282.5103,3.102,90.0,6.902,69.0,18.0,51.0,89.5841,69.0,283.46814,3.0795,89.0,6.9295,61.0,12.0,49.0,59.816387,60.999996,283.02432,,,,,,,,,282.5103
2024-12-11 11:00:00+00:00,3.5795,84.0,6.9295,101.0,27.0,74.0,104.62108,101.0,363.4659,3.552,85.0,6.852,109.0,37.0,72.0,143.27986,109.0,364.32034,3.5795,84.0,6.9295,101.0,27.0,74.0,104.62108,101.0,364.09225,,,,,,,,,363.4659
2024-12-11 12:00:00+00:00,3.8795,81.0,6.9295,123.0,36.0,87.0,129.81883,123.0,390.5245,3.852,82.0,6.852,129.0,47.0,82.0,169.48714,129.0,391.22992,3.8795,81.0,6.9295,123.0,36.0,87.0,129.81883,123.0,391.23325,,,,,,,,,390.5245
2024-12-11 13:00:00+00:00,3.8295,81.0,6.9295,110.0,30.0,80.0,116.72742,109.99999,361.84134,3.852,82.0,6.852,116.0,38.0,78.0,147.95033,116.0,362.36203,3.8295,81.0,6.9295,110.0,30.0,80.0,116.72742,109.99999,362.59637,,,,,,,,,361.84134
2024-12-11 14:00:00+00:00,3.6295,82.0,6.8795,75.0,17.0,58.0,85.61886,75.0,279.36703,3.652,83.0,6.852,79.0,20.0,59.0,100.889915,79.0,279.67996,3.6295,82.0,6.8795,75.0,17.0,58.0,85.61886,75.0,280.12936,,,,,,,,,279.36703
2024-12-11 15:00:00+00:00,3.3795,84.0,6.8795,34.0,6.0,28.0,51.445946,33.999996,148.71574,3.402,84.0,6.852,34.0,6.0,28.0,51.539196,34.0,148.81212,3.3795,84.0,6.8795,34.0,6.0,28.0,51.445946,33.999996,149.44603,,,,,,,,,148.71574
2024-12-11 16:00:00+00:00,3.1295,86.0,6.8795,5.0,1.0,4.0,16.326183,4.999999,25.095882,3.152,86.0,6.852,4.0,1.0,3.0,16.3928,3.999999,25.088572,3.1295,86.0,6.8795,5.0,1.0,4.0,16.326183,4.999999,25.456453,,,,,,,,,25.095882
2024-12-11 17:00:00+00:00,2.8795,87.0,6.8795,0.0,0.0,0.0,0.0,0.0,0.0,2.852,88.0,6.802,0.0,0.0,0.0,0.0,0.0,0.0,2.8795,87.0,6.8795,0.0,0.0,0.0,0.0,0.0,0.0,,,,,,,,,0.0
2024-12-11 18:00:00+00:00,2.6295,89.0,6.8795,0.0,0.0,0.0,0.0,0.0,0.0,2.502,90.0,6.802,0.0,0.0,0.0,0.0,0.0,0.0,2.6295,89.0,6.8795,0.0,0.0,0.0,0.0,0.0,0.0,,,,,,,,,0.0
2024-12-11 19:00:00+00:00,2.4295,90.0,6.8795,0.0,0.0,0.0,0.0,0.0,0.0,2.152,91.0,6.802,0.0,0.0,0.0,0.0,0.0,0.0,2.4295,90.0,6.8795,0.0,0.0,0.0,0.0,0.0,0.0,,,,,,,,,0.0
2024-12-11 20:00:00+00:00,2.2295,90.0,6.8295,0.0,0.0,0.0,0.0,0.0,0.0,1.802,92.0,6.752,0.0,0.0,0.0,0.0,0.0,0.0,2.2295,90.0,6.8295,0.0,0.0,0.0,0.0,0.0,0.0,,,,,,,,,0.0
2024-12-11 21:00:00+00:00,1.9295,91.0,6.8295,0.0,0.0,0.0,0.0,0.0,0.0,1.4020001,93.0,6.752,0.0,0.0,0.0,0.0,0.0,0.0,1.9295,91.0,6.8295,0.0,0.0,0.0,0.0,0.0,0.0,,,,,,,,,0.0
2024-12-11 22:00:00+00:00,1.4295,92.0,6.8295,0.0,0.0,0.0,0.0,0.0,0.0,0.95199996,94.0,6.752,0.0,0.0,0.0,0.0,0.0,0.0,1.4295,92.0,6.8295,0.0,0.0,0.0,0.0,0.0,0.0,,,,,,,,,0.0
2024-12-11 23:00:00+00:00,0.8295,94.0,6.8295,0.0,0.0,0.0,0.0,0.0,0.0,0.502,96.0,6.752,0.0,0.0,0.0,0.0,0.0,0.0,0.8295,94.0,6.8295,0.0,0.0,0.0,0.0,0.0,0.0,,,,,,,,,0.0
2024-12-12 00:00:00+00:00,0.3795,95.0,6.8295,0.0,0.0,0.0,0.0,0.0,0.0,0.102,97.0,6.752,0.0,0.0,0.0,0.0,0.0,0.0,0.3795,95.0,6.8295,0.0,0.0,0.0,0.0,0.0,0.0,,,,,,,,,0.0
2024-12-12 01:00:00+00:00,0.1295,96.0,6.8295,0.0,0.0,0.0,0.0,0.0,0.0,-0.148,98.0,6.752,0.0,0.0,0.0,0.0,0.0,0.0,0.1295,96.0,6.8295,0.0,0.0,0.0,0.0,0.0,0.0,,,,,,,,,0.0
2024-12-12 02:00:00+00:00,-0.07049999,97.0,6.7795,0.0,0.0,0.0,0.0,0.0,0.0,-0.24800001,98.0,6.702,0.0,0.0,0.0,0.0,0.0,0.0,-0.07049999,97.0,6.7795,0.0,0.0,0.0,0.0,0.0,0.0,,,,,,,,,0.0
2024-12-12 03:00:00+00:00,-0.17049998,97.0,6.7795,0.0,0.0,0.0,0.0,0.0,0.0,-0.348,98.0,6.702,0.0,0.0,0.0,0.0,0.0,0.0,-0.17049998,97.0,6.7795,0.0,0.0,0.0,0.0,0.0,0.0,,,,,,,,,0.0
2024-12-12 04:00:00+00:00,-0.22049999,96.0,6.7795,0.0,0.0,0.0,0.0,0.0,0.0,-0.398,97.0,6.702,0.0,0.0,0.0,0.0,0.0,0.0,-0.22049999,96.0,6.7795,0.0,0.0,0.0,0.0,0.0,0.0,,,,,,,,,0.0
2024-12-12 05:00:00+00:00,-0.2705,95.0,6.7295,0.0,0.0,0.0,0.0,0.0,0.0,-0.398,97.0,6.652,0.0,0.0,0.0,0.0,0.0,0.0,-0.2705,95.0,6.7295,0.0,0.0,0.0,0.0,0.0,0.0,,,,,,,,,0.0
2024-12-12 06:00:00+00:00,-0.2705,94.0,6.7295,0.0,0.0,0.0,0.0,0.0,0.0,-0.398,96.0,6.652,0.0,0.0,0.0,0.0,0.0,0.0,-0.2705,94.0,6.7295,0.0,0.0,0.0,0.0,0.0,0.0,,,,,,,,,0.0
2024-12-12 07:00:00+00:00,-0.29799998,99.0,6.552,0.0,0.0,0.0,0.0,0.0,0.0,-0.29799998,99.0,6.552,0.0,0.0,0.0,0.0,0.0,0.0,,,,,,,,,0.0,,,,,,,,,0.0
2024-12-12 08:00:00+00:00,-0.098000005,98.0,6.502,9.0,2.0,7.0,32.199524,8.999999,26.211649,-0.098000005,98.0,6.502,9.0,2.0,7.0,32.199524,8.999999,26.734535,,,,,,,,,26.36808,,,,,,,,,26.211649
2024-12-12 09:00:00+00:00,0.352,95.0,6.502,53.0,15.0,38.0,127.9904,53.000008,150.36551,0.352,95.0,6.502,53.0,15.0,38.0,127.9904,53.000008,151.37419,,,,,,,,,150.74388,,,,,,,,,150.36551
2024-12-12 10:00:00+00:00,1.352,89.0,6.452,113.0,43.0,70.0,215.9562,113.0,280.013,1.352,89.0,6.452,113.0,43.0,70.0,215.9562,113.0,280.97174,,,,,,,,,280.52652,,,,,,,,,280.013
2024-12-12 11:00:00+00:00,2.652,82.0,6.452,171.0,82.0,89.0,319.4613,171.0,361.3534,2.652,82.0,6.452,171.0,82.0,89.0,319.4613,171.0,362.20914,,,,,,,,,361.97955,,,,,,,,,361.3534
2024-12-12 12:00:00+00:00,3.552,77.0,6.402,199.0,105.0,94.0,380.35718,199.0,388.84488,3.552,77.0,6.402,199.0,105.0,94.0,380.35718,199.0,389.552,,,,,,,,,389.55347,,,,,,,,,388.84488
2024-12-12 13:00:00+00:00,3.652,77.0,6.402,185.0,97.0,88.0,379.0295,185.0,360.61304,3.652,77.0,6.402,185.0,97.0,88.0,379.0295,185.0,361.13568,,,,,,,,,361.36835,,,,,,,,,360.61304
2024-12-12 14:00:00+00:00,3.352,79.0,6.352,136.0,68.0,68.0,344.06985,136.00002,278.5778,3.352,79.0,6.352,136.0,68.0,68.0,344.06985,136.00002,278.89322,,,,,,,,,279.34106,,,,,,,,,278.5778
2024-12-12 15:00:00+00:00,2.902,81.0,6.352,65.0,30.0,35.0,258.1964,64.999985,148.32396,2.902,81.0,6.352,65.0,30.0,35.0,258.1964,64.999985,148.42293,,,,,,,,,149.0552,,,,,,,,,148.32396
2024-12-12 16:00:00+00:00,2.402,84.0,6.352,8.0,3.0,5.0,49.240833,7.999998,24.989891,2.402,84.0,6.352,8.0,3.0,5.0,49.240833,7.999998,24.983288,,,,,,,,,25.35078,,,,,,,,,24.989891
2024-12-12 17:00:00+00:00,1.7520001,87.0,6.302,0.0,0.0,0.0,0.0,0.0,0.0,1.7520001,87.0,6.302,0.0,0.0,0.0,0.0,0.0,0.0,,,,,,,,,0.0,,,,,,,,,0.0
2024-12-12 18:00:00+00:00,1.2520001,89.0,6.302,0.0,0.0,0.0,0.0,0.0,0.0,1.2520001,89.0,6.302,0.0,0.0,0.0,0.0,0.0,0.0,,,,,,,,,0.0,,,,,,,,,0.0
2024-12-12 19:00:00+00:00,0.902,89.0,6.302,0.0,0.0,0.0,0.0,0.0,0.0,0.902,89.0,6.302,0.0,0.0,0.0,0.0,0.0,0.0,,,,,,,,,0.0,,,,,,,,,0.0
2024-12-12 20:00:00+00:00,0.70199996,88.0,6.252,0.0,0.0,0.0,0.0,0.0,0.0,0.70199996,88.0,6.252,0.0,0.0,0.0,0.0,0.0,0.0,,,,,,,,,0.0,,,,,,,,,0.0
2024-12-12 21:00:00+00:00,0.502,87.0,6.252,0.0,0.0,0.0,0.0,0.0,0.0,0.502,87.0,6.252,0.0,0.0,0.0,0.0,0.0,0.0,,,,,,,,,0.0,,,,,,,,,0.0
2024-12-12 22:00:00+00:00,0.402,86.0,6.252,0.0,0.0,0.0,0.0,0.0,0.0,0.402,86.0,6.252,0.0,0.0,0.0,0.0,0.0,0.0,,,,,,,,,0.0,,,,,,,,,0.0
2024-12-12 23:00:00+00:00,0.352,86.0,6.202,0.0,0.0,0.0,0.0,0.0,0.0,0.352,86.0,6.202,0.0,0.0,0.0,0.0,0.0,0.0,,,,,,,,,0.0,,,,,,,,,0.0
2024-12-13 00:00:00+00:00,0.202,86.0,6.202,0.0,0.0,0.0,0.0,0.0,0.0,0.202,86.0,6.202,0.0,0.0,0.0,0.0,0.0,0.0,,,,,,,,,0.0,,,,,,,,,0.0
2024-12-13 01:00:00+00:00,-0.098000005,87.0,6.202,0.0,0.0,0.0,0.0,0.0,0.0,-0.098000005,87.0,6.202,0.0,0.0,0.0,0.0,0.0,0.0,,,,,,,,,0.0,,,,,,,,,0.0
2024-12-13 02:00:00+00:00,-0.49800003,89.0,6.152,0.0,0.0,0.0,0.0,0.0,0.0,-0.49800003,89.0,6.152,0.0,0.0,0.0,0.0,0.0,0.0,,,,,,,,,0.0,,,,,,,,,0.0
2024-12-13 03:00:00+00:00,-0.848,90.0,6.152,0.0,0.0,0.0,0.0,0.0,0.0,-0.848,90.0,6.152,0.0,0.0,0.0,0.0,0.0,0.0,,,,,,,,,0.0,,,,,,,,,0.0
2024-12-13 04:00:00+00:00,-1.148,90.0,6.152,0.0,0.0,0.0,0.0,0.0,0.0,-1.148,90.0,6.152,0.0,0.0,0.0,0.0,0.0,0.0,,,,,,,,,0.0,,,,,,,,,0.0
2024-12-13 05:00:00+00:00,-1.398,90.0,6.102,0.0,0.0,0.0,0.0,0.0,0.0,-1.398,90.0,6.102,0.0,0.0,0.0,0.0,0.0,0.0,,,,,,,,,0.0,,,,,,,,,0.0
2024-12-13 06:00:00+00:00,-1.4979999,90.0,6.102,0.0,0.0,0.0,0.0,0.0,0.0,-1.4979999,90.0,6.102,0.0,0.0,0.0,0.0,0.0,0.0,,,,,,,,,0.0,,,,,,,,,0.0
2024-12-13 07:00:00+00:00,-1.4979999,90.0,6.102,0.0,0.0,0.0,0.0,0.0,0.0,-1.4979999,90.0,6.102,0.0,0.0,0.0,0.0,0.0,0.0,,,,,,,,,0.0,,,,,,,,,0.0
2024-12-13 08:00:00+00:00,-1.3479999,89.0,6.052,10.0,4.0,6.0,65.427536,9.999999,24.7796,-1.3479999,89.0,6.052,10.0,4.0,6.0,65.427536,9.999999,25.302542,,,,,,,,,24.93587,,,,,,,,,24.7796
2024-12-13 09:00:00+00:00,-0.948,88.0,6.052,59.0,26.0,33.0,223.70067,58.999985,147.72115,-0.948,88.0,6.052,59.0,26.0,33.0,223.70067,58.999985,148.73096,,,,,,,,,148.09937,,,,,,,,,147.72115
2024-12-13 10:00:00+00:00,0.052,85.0,6.052,124.0,64.0,60.0,324.1752,123.99999,277.68622,0.052,85.0,6.052,124.0,64.0,60.0,324.1752,123.99999,278.6462,,,,,,,,,278.19962,,,,,,,,,277.68622
2024-12-13 11:00:00+00:00,1.352,80.0,6.002,187.0,113.0,74.0,442.69293,187.0,359.4166,1.352,80.0,6.002,187.0,113.0,74.0,442.69293,187.0,360.27374,,,,,,,,,360.04236,,,,,,,,,359.4166
2024-12-13 12:00:00+00:00,2.2020001,78.0,6.002,220.0,144.0,76.0,523.761,219.99998,387.3431,2.2020001,78.0,6.002,220.0,144.0,76.0,523.761,219.99998,388.0519,,,,,,,,,388.05164,,,,,,,,,387.3431
2024-12-13 13:00:00+00:00,2.302,80.0,5.952,211.0,142.0,69.0,556.6032,210.99998,359.56183,2.302,80.0,5.952,211.0,142.0,69.0,556.6032,210.99998,360.08658,,,,,,,,,360.31732,,,,,,,,,359.56183
2024-12-13 14:00:00+00:00,1.952,83.0,5.952,161.0,109.0,52.0,552.8565,161.0,277.96262,1.952,83.0,5.952,161.0,109.0,52.0,552.8565,161.0,278.28012,,,,,,,,,278.72583,,,,,,,,,277.96262
2024-12-13 15:00:00+00:00,1.552,86.0,5.902,81.0,54.0,27.0,465.3969,81.000015,148.10063,1.552,86.0,5.902,81.0,54.0,27.0,465.3969,81.000015,148.2017,,,,,,,,,148.83269,,,,,,,,,148.10063
2024-12-13 16:00:00+00:00,1.102,87.0,5.902,11.0,7.0,4.0,114.93381,11.000004,24.968039,1.102,87.0,5.902,11.0,7.0,4.0,114.93381,11.000004,24.962973,,,,,,,,,25.329693,,,,,,,,,24.968039
2024-12-13 17:00:00+00:00,0.602,88.0,5.852,0.0,0.0,0.0,0.0,0.0,0.0,0.602,88.0,5.852,0.0,0.0,0.0,0.0,0.0,0.0,,,,,,,,,0.0,,,,,,,,,0.0
2024-12-13 18:00:00+00:00,0.0020000003,89.0,5.852,0.0,0.0,0.0,0.0,0.0,0.0,0.0020000003,89.0,5.852,0.0,0.0,0.0,0.0,0.0,0.0,,,,,,,,,0.0,,,,,,,,,0.0
2024-12-13 19:00:00+00:00,-0.748,92.0,5.852,0.0,0.0,0.0,0.0,0.0,0.0,-0.748,92.0,5.852,0.0,0.0,0.0,0.0,0.0,0.0,,,,,,,,,0.0,,,,,,,,,0.0
2024-12-13 20:00:00+00:00,-1.548,96.0,5.802,0.0,0.0,0.0,0.0,0.0,0.0,-1.548,96.0,5.802,0.0,0.0,0.0,0.0,0.0,0.0,,,,,,,,,0.0,,,,,,,,,0.0
2024-12-13 21:00:00+00:00,-2.148,99.0,5.802,0.0,0.0,0.0,0.0,0.0,0.0,-2.148,99.0,5.802,0.0,0.0,0.0,0.0,0.0,0.0,,,,,,,,,0.0,,,,,,,,,0.0
2024-12-13 22:00:00+00:00,-2.448,99.0,5.802,0.0,0.0,0.0,0.0,0.0,0.0,-2.448,99.0,5.802,0.0,0.0,0.0,0.0,0.0,0.0,,,,,,,,,0.0,,,,,,,,,0.0
2024-12-13 23:00:00+00:00,-2.598,98.0,5.752,0.0,0.0,0.0,0.0,0.0,0.0,-2.598,98.0,5.752,0.0,0.0,0.0,0.0,0.0,0.0,,,,,,,,,0.0,,,,,,,,,0.0
2024-12-14 00:00:00+00:00,-2.648,96.0,5.752,0.0,0.0,0.0,0.0,0.0,0.0,-2.648,96.0,5.752,0.0,0.0,0.0,0.0,0.0,0.0,,,,,,,,,0.0,,,,,,,,,0.0
2024-12-14 01:00:00+00:00,-2.648,93.0,5.752,0.0,0.0,0.0,0.0,0.0,0.0,-2.648,93.0,5.752,0.0,0.0,0.0,0.0,0.0,0.0,,,,,,,,,0.0,,,,,,,,,0.0
2024-12-14 02:00:00+00:00,-2.5479999,90.0,5.702,0.0,0.0,0.0,0.0,0.0,0.0,-2.5479999,90.0,5.702,0.0,0.0,0.0,0.0,0.0,0.0,,,,,,,,,0.0,,,,,,,,,0.0
2024-12-14 03:00:00+00:00,-2.5479999,88.0,5.702,0.0,0.0,0.0,0.0,0.0,0.0,-2.5479999,88.0,5.702,0.0,0.0,0.0,0.0,0.0,0.0,,,,,,,,,0.0,,,,,,,,,0.0
2024-12-14 04:00:00+00:00,-2.698,88.0,5.652,0.0,0.0,0.0,0.0,0.0,0.0,-2.698,88.0,5.652,0.0,0.0,0.0,0.0,0.0,0.0,,,,,,,,,0.0,,,,,,,,,0.0
2024-12-14 05:00:00+00:00,-2.898,88.0,5.652,0.0,0.0,0.0,0.0,0.0,0.0,-2.898,88.0,5.652,0.0,0.0,0.0,0.0,0.0,0.0,,,,,,,,,0.0,,,,,,,,,0.0
2024-12-14 06:00:00+00:00,-2.948,88.0,5.602,0.0,0.0,0.0,0.0,0.0,0.0,-2.948,88.0,5.602,0.0,0.0,0.0,0.0,0.0,0.0,,,,,,,,,0.0,,,,,,,,,0.0
2024-12-14 07:00:00+00:00,-2.848,88.0,5.602,0.0,0.0,0.0,0.0,0.0,0.0,-2.848,88.0,5.602,0.0,0.0,0.0,0.0,0.0,0.0,,,,,,,,,0.0,,,,,,,,,0.0
2024-12-14 08:00:00+00:00,-2.598,87.0,5.552,10.0,5.0,5.0,83.026115,9.999999,23.436186,-2.598,87.0,5.552,10.0,5.0,5.0,83.026115,9.999999,23.957977,,,,,,,,,23.591503,,,,,,,,,23.436186
2024-12-14 09:00:00+00:00,-1.948,85.0,5.552,62.0,34.0,28.0,294.8176,62.000015,145.24883,-1.948,85.0,5.552,62.0,34.0,28.0,294.8176,62.000015,146.25867,,,,,,,,,145.62598,,,,,,,,,145.24883
2024-12-14 10:00:00+00:00,-0.448,81.0,5.552,131.0,80.0,51.0,408.4511,131.0,275.53726,-0.448,81.0,5.552,131.0,80.0,51.0,408.4511,131.0,276.49796,,,,,,,,,276.04993,,,,,,,,,275.53726
2024-12-14 11:00:00+00:00,1.5020001,76.0,5.502,195.0,133.0,62.0,523.7034,195.0,357.66028,1.5020001,76.0,5.502,195.0,133.0,62.0,523.7034,195.0,358.51874,,,,,,,,,358.28552,,,,,,,,,357.66028
2024-12-14 12:00:00+00:00,2.902,73.0,5.502,231.0,167.0,64.0,609.6139,230.99998,386.0224,2.902,73.0,5.502,231.0,167.0,64.0,609.6139,230.99998,386.7327,,,,,,,,,386.7306,,,,,,,,,386.0224
2024-12-14 13:00:00+00:00,,,,,,,,,358.69016,,,,,,,,,359.21667,,,,,,,,,359.44553,,,,,,,,,358.69016
2024-12-14 14:00:00+00:00,,,,,,,,,277.5229,,,,,,,,,277.84262,,,,,,,,,278.28662,,,,,,,,,277.5229
2024-12-14 15:00:00+00:00,,,,,,,,,148.0465,,,,,,,,,148.15,,,,,,,,,148.77933,,,,,,,,,148.0465
2024-12-14 16:00:00+00:00,,,,,,,,,25.031538,,,,,,,,,25.028011,,,,,,,,,25.393898,,,,,,,,,25.031538
2024-12-14 17:00:00+00:00,,,,,,,,,0.0,,,,,,,,,0.0,,,,,,,,,0.0,,,,,,,,,0.0
2024-12-14 18:00:00+00:00,,,,,,,,,0.0,,,,,,,,,0.0,,,,,,,,,0.0,,,,,,,,,0.0
2024-12-14 19:00:00+00:00,,,,,,,,,0.0,,,,,,,,,0.0,,,,,,,,,0.0,,,,,,,,,0.0
2024-12-14 20:00:00+00:00,,,,,,,,,0.0,,,,,,,,,0.0,,,,,,,,,0.0,,,,,,,,,0.0
2024-12-14 21:00:00+00:00,,,,,,,,,0.0,,,,,,,,,0.0,,,,,,,,,0.0,,,,,,,,,0.0
2024-12-14 22:00:00+00:00,,,,,,,,,0.0,,,,,,,,,0.0,,,,,,,,,0.0,,,,,,,,,0.0
